{"mae": 0.05370260593761774, "rmse": 0.06930653857814627}